Wavelength_(nm),Intensity_(Counts),,,Wavelength_(nm),Intensity(Counts)
340.712,3.83,,,340.712,-45.8
341.091,3.83,,,341.091,-45.8
341.47,3.83,,,341.47,-45.8
341.849,-1.07,,,341.849,0.77
342.229,-135.86,,,342.229,-53.15
342.608,-5.97,,,342.608,69.39
342.987,-77.04,,,342.987,-97.26
343.366,55.29,,,343.366,20.37
343.745,-40.28,,,343.745,13.02
344.124,20.98,,,344.124,-102.16
344.503,18.53,,,344.503,88.99
344.881,20.98,,,344.881,-70.31
345.26,-5.97,,,345.26,-92.36
345.639,45.49,,,345.639,128.2
346.018,-47.64,,,346.018,22.82
346.396,-20.68,,,346.396,-16.39
346.775,-28.03,,,346.775,-6.59
347.154,45.49,,,347.154,88.99
347.532,23.44,,,347.532,-28.64
347.911,50.39,,,347.911,-33.54
348.289,-54.99,,,348.289,15.47
348.668,-18.23,,,348.668,-28.64
349.046,-15.78,,,349.046,79.19
349.425,-72.14,,,349.425,86.54
349.803,30.79,,,349.803,44.88
350.181,1.38,,,350.181,84.09
350.56,-126.06,,,350.56,-77.66
350.938,-54.99,,,350.938,25.27
351.316,-5.97,,,351.316,86.54
351.694,84.7,,,351.694,27.72
352.072,-52.54,,,352.072,-43.35
352.45,89.6,,,352.45,17.92
352.828,82.25,,,352.828,71.84
353.206,-15.78,,,353.206,62.03
353.584,-15.78,,,353.584,-85.01
353.962,-25.58,,,353.962,13.02
354.34,-67.24,,,354.34,-26.19
354.718,-23.13,,,354.718,54.68
355.095,-3.52,,,355.095,-4.14
355.473,-91.75,,,355.473,-23.74
355.851,-32.93,,,355.851,59.58
356.229,-96.65,,,356.229,-97.26
356.606,47.94,,,356.606,57.13
356.984,-15.78,,,356.984,160.06
357.361,-99.1,,,357.361,-138.93
357.739,-20.68,,,357.739,-62.95
358.116,20.98,,,358.116,3.22
358.494,-1.07,,,358.494,47.33
358.871,16.08,,,358.871,49.78
359.248,-25.58,,,359.248,-31.09
359.626,18.53,,,359.626,35.08
360.003,-23.13,,,360.003,-43.35
360.38,96.96,,,360.38,96.34
360.757,18.53,,,360.757,17.92
361.134,-64.79,,,361.134,62.03
361.511,96.96,,,361.511,74.29
361.888,18.53,,,361.888,-6.59
362.265,79.8,,,362.265,-21.29
362.642,18.53,,,362.642,57.13
363.019,-1.07,,,363.019,15.47
363.396,126.37,,,363.396,54.68
363.773,55.29,,,363.773,133.11
364.15,-28.03,,,364.15,32.63
364.527,-23.13,,,364.527,8.12
364.903,-74.59,,,364.903,88.99
365.28,-69.69,,,365.28,0.77
365.657,-5.97,,,365.657,84.09
366.033,-37.83,,,366.033,30.17
366.41,92.06,,,366.41,86.54
366.786,1.38,,,366.786,8.12
367.163,28.34,,,367.163,-45.8
367.539,111.66,,,367.539,13.02
367.915,-37.83,,,367.915,0.77
368.292,79.8,,,368.292,57.13
368.668,74.9,,,368.668,27.72
369.044,30.79,,,369.044,59.58
369.421,28.34,,,369.421,0.77
369.797,-42.73,,,369.797,-43.35
370.173,25.89,,,370.173,32.63
370.549,611.61,,,370.549,-45.8
370.925,-32.93,,,370.925,-102.16
371.301,-72.14,,,371.301,-77.66
371.677,-10.88,,,371.677,64.48
372.053,-20.68,,,372.053,-13.94
372.429,28.34,,,372.429,10.57
372.805,87.15,,,372.805,20.37
373.181,43.04,,,373.181,42.43
373.556,-89.3,,,373.556,-4.14
373.932,-64.79,,,373.932,49.78
374.308,-94.2,,,374.308,42.43
374.683,55.29,,,374.683,93.89
375.059,43.04,,,375.059,103.7
375.435,116.56,,,375.435,74.29
375.81,74.9,,,375.81,71.84
376.186,-28.03,,,376.186,39.98
376.561,13.63,,,376.561,13.02
376.936,-20.68,,,376.936,22.82
377.312,-57.44,,,377.312,-60.5
377.687,-45.19,,,377.687,-72.76
378.062,-8.42,,,378.062,54.68
378.438,-62.34,,,378.438,-18.84
378.813,84.7,,,378.813,-43.35
379.188,-155.47,,,379.188,-50.7
379.563,-37.83,,,379.563,-18.84
379.938,-8.42,,,379.938,98.8
380.313,47.94,,,380.313,-70.31
380.688,116.56,,,380.688,47.33
381.063,35.69,,,381.063,57.13
381.438,50.39,,,381.438,118.4
381.813,-8.42,,,381.813,32.63
382.188,-47.64,,,382.188,-6.59
382.563,16.08,,,382.563,115.95
382.937,13.63,,,382.937,52.23
383.312,-23.13,,,383.312,-40.9
383.687,50.39,,,383.687,113.5
384.061,-8.42,,,384.061,-13.94
384.436,33.24,,,384.436,32.63
384.81,-77.04,,,384.81,15.47
385.185,-1.07,,,385.185,-70.31
385.559,40.59,,,385.559,-48.25
385.934,-57.44,,,385.934,-92.36
386.308,-15.78,,,386.308,39.98
386.682,25.89,,,386.682,128.2
387.057,-89.3,,,387.057,-36
387.431,20.98,,,387.431,-4.14
387.805,-13.33,,,387.805,71.84
388.179,45.49,,,388.179,17.92
388.553,-30.48,,,388.553,57.13
388.927,77.35,,,388.927,-18.84
389.301,-13.33,,,389.301,-33.54
389.675,43.04,,,389.675,108.6
390.049,-30.48,,,390.049,22.82
390.423,45.49,,,390.423,3.22
390.797,104.31,,,390.797,84.09
391.171,-5.97,,,391.171,96.34
391.545,55.29,,,391.545,52.23
391.919,-81.95,,,391.919,30.17
392.292,-79.5,,,392.292,-13.94
392.666,-54.99,,,392.666,111.05
393.04,1.38,,,393.04,-11.49
393.413,-5.97,,,393.413,39.98
393.787,131.27,,,393.787,84.09
394.16,20.98,,,394.16,62.03
394.534,55.29,,,394.534,152.71
394.907,25.89,,,394.907,101.25
395.28,136.17,,,395.28,25.27
395.654,96.96,,,395.654,32.63
396.027,-18.23,,,396.027,-77.66
396.4,67.55,,,396.4,22.82
396.773,3.83,,,396.773,25.27
397.147,-1.07,,,397.147,-97.26
397.52,89.6,,,397.52,138.01
397.893,40.59,,,397.893,79.19
398.266,1.38,,,398.266,35.08
398.639,60.2,,,398.639,98.8
399.012,57.75,,,399.012,-1.68
399.385,-37.83,,,399.385,62.03
399.757,60.2,,,399.757,135.56
400.13,89.6,,,400.13,62.03
400.503,89.6,,,400.503,88.99
400.876,96.96,,,400.876,145.36
401.248,16.08,,,401.248,69.39
401.621,84.7,,,401.621,120.85
401.994,55.29,,,401.994,54.68
402.366,11.18,,,402.366,3.22
402.739,-10.88,,,402.739,13.02
403.111,72.45,,,403.111,93.89
403.484,82.25,,,403.484,35.08
403.856,141.07,,,403.856,69.39
404.229,-13.33,,,404.229,-9.04
404.601,65.1,,,404.601,69.39
404.973,109.21,,,404.973,69.39
405.345,18.53,,,405.345,120.85
405.718,229.3,,,405.718,113.5
406.09,-1.07,,,406.09,120.85
406.462,-59.89,,,406.462,37.53
406.834,99.41,,,406.834,32.63
407.206,33.24,,,407.206,74.29
407.578,-8.42,,,407.578,-33.54
407.95,11.18,,,407.95,-38.45
408.322,28.34,,,408.322,42.43
408.693,79.8,,,408.693,59.58
409.065,87.15,,,409.065,8.12
409.437,-101.55,,,409.437,64.48
409.809,104.31,,,409.809,64.48
410.18,8.73,,,410.18,118.4
410.552,45.49,,,410.552,69.39
410.924,-25.58,,,410.924,27.72
411.295,-5.97,,,411.295,57.13
411.667,57.75,,,411.667,15.47
412.038,-13.33,,,412.038,113.5
412.41,43.04,,,412.41,-26.19
412.781,-64.79,,,412.781,-31.09
413.152,28.34,,,413.152,120.85
413.524,-30.48,,,413.524,-107.07
413.895,111.66,,,413.895,150.26
414.266,-15.78,,,414.266,35.08
414.637,-28.03,,,414.637,42.43
415.008,87.15,,,415.008,35.08
415.38,-32.93,,,415.38,30.17
415.751,-94.2,,,415.751,-77.66
416.122,20.98,,,416.122,59.58
416.493,1.38,,,416.493,-43.35
416.863,-47.64,,,416.863,106.15
417.234,18.53,,,417.234,113.5
417.605,62.65,,,417.605,5.67
417.976,6.28,,,417.976,86.54
418.347,74.9,,,418.347,54.68
418.717,-28.03,,,418.717,-1.68
419.088,62.65,,,419.088,-43.35
419.459,-62.34,,,419.459,-67.85
419.829,-99.1,,,419.829,-85.01
420.2,-128.51,,,420.2,-33.54
420.57,89.6,,,420.57,71.84
420.941,74.9,,,420.941,79.19
421.311,62.65,,,421.311,54.68
421.682,-32.93,,,421.682,-33.54
422.052,-32.93,,,422.052,-6.59
422.422,-23.13,,,422.422,-13.94
422.792,47.94,,,422.792,5.67
423.163,25.89,,,423.163,98.8
423.533,-40.28,,,423.533,86.54
423.903,72.45,,,423.903,-43.35
424.273,-35.38,,,424.273,8.12
424.643,-23.13,,,424.643,76.74
425.013,-118.71,,,425.013,-43.35
425.383,-5.97,,,425.383,-94.81
425.753,-1.07,,,425.753,-40.9
426.123,114.11,,,426.123,-21.29
426.492,-10.88,,,426.492,8.12
426.862,38.14,,,426.862,39.98
427.232,62.65,,,427.232,79.19
427.602,-8.42,,,427.602,96.34
427.971,-25.58,,,427.971,22.82
428.341,-96.65,,,428.341,-114.42
428.71,-13.33,,,428.71,-33.54
429.08,-15.78,,,429.08,-4.14
429.449,60.2,,,429.449,101.25
429.819,-23.13,,,429.819,69.39
430.188,1.38,,,430.188,39.98
430.557,18.53,,,430.557,22.82
430.927,-15.78,,,430.927,57.13
431.296,11.18,,,431.296,39.98
431.665,13.63,,,431.665,30.17
432.034,-23.13,,,432.034,17.92
432.403,87.15,,,432.403,74.29
432.772,-1.07,,,432.772,135.56
433.142,138.62,,,433.142,3.22
433.51,163.13,,,433.51,62.03
433.879,28.34,,,433.879,-70.31
434.248,72.45,,,434.248,44.88
434.617,-111.36,,,434.617,-26.19
434.986,-37.83,,,434.986,20.37
435.355,77.35,,,435.355,39.98
435.724,33.24,,,435.724,57.13
436.092,-96.65,,,436.092,-18.84
436.461,47.94,,,436.461,39.98
436.829,65.1,,,436.829,138.01
437.198,-13.33,,,437.198,25.27
437.567,99.41,,,437.567,76.74
437.935,20.98,,,437.935,140.46
438.303,87.15,,,438.303,37.53
438.672,13.63,,,438.672,76.74
439.04,18.53,,,439.04,30.17
439.408,-28.03,,,439.408,66.94
439.777,-32.93,,,439.777,20.37
440.145,126.37,,,440.145,-31.09
440.513,121.46,,,440.513,120.85
440.881,158.23,,,440.881,196.82
441.249,-3.52,,,441.249,130.65
441.617,-128.51,,,441.617,-4.14
441.985,-3.52,,,441.985,174.77
442.353,57.75,,,442.353,74.29
442.721,30.79,,,442.721,86.54
443.089,-1.07,,,443.089,103.7
443.457,-8.42,,,443.457,8.12
443.825,38.14,,,443.825,13.02
444.192,-47.64,,,444.192,3.22
444.56,-62.34,,,444.56,71.84
444.928,43.04,,,444.928,5.67
445.295,16.08,,,445.295,-45.8
445.663,38.14,,,445.663,-18.84
446.03,6.28,,,446.03,-53.15
446.398,18.53,,,446.398,69.39
446.765,33.24,,,446.765,66.94
447.133,-1.07,,,447.133,44.88
447.5,77.35,,,447.5,86.54
447.867,38.14,,,447.867,118.4
448.235,70,,,448.235,245.84
448.602,72.45,,,448.602,52.23
448.969,310.17,,,448.969,307.11
449.336,361.64,,,449.336,395.33
449.703,457.21,,,449.703,490.91
450.07,839.53,,,450.07,1015.37
450.437,1351.73,,,450.437,1721.18
450.804,1974.22,,,450.804,3049.48
451.171,2361.43,,,451.171,3980.75
451.538,2817.27,,,451.538,4872.82
451.905,3013.33,,,451.905,5130.15
452.271,3130.96,,,452.271,4956.14
452.638,3104,,,452.638,4973.3
453.005,3118.71,,,453.005,5034.57
453.372,3202.03,,,453.372,5076.23
453.738,3116.26,,,453.738,4941.44
454.105,3072.14,,,454.105,4934.09
454.471,3199.58,,,454.471,5005.16
454.838,3157.92,,,454.838,4794.4
455.204,3116.26,,,455.204,4885.07
455.57,3251.05,,,455.57,4897.33
455.937,3300.06,,,455.937,4755.18
456.303,3224.09,,,456.303,4894.88
456.669,3432.4,,,456.669,4757.63
457.036,3263.3,,,457.036,4833.61
457.402,3214.29,,,457.402,4588.53
457.768,3371.13,,,457.768,4495.41
458.134,3373.58,,,458.134,4593.44
458.5,3432.4,,,458.5,4564.03
458.866,3292.71,,,458.866,4463.55
459.232,3385.84,,,459.232,4610.59
459.598,3290.26,,,459.598,4443.94
459.964,3378.49,,,459.964,4436.59
460.329,3378.49,,,460.329,4443.94
460.695,3439.75,,,460.695,4466
461.061,3400.54,,,461.061,4441.49
461.427,3385.84,,,461.427,4412.08
461.792,3474.06,,,461.792,4711.07
462.158,3635.81,,,462.158,4456.19
462.523,3768.15,,,462.523,4676.76
462.889,3454.46,,,462.889,4492.96
463.254,3456.91,,,463.254,4448.84
463.62,3493.67,,,463.62,4492.96
463.985,3496.12,,,463.985,4551.77
464.35,3358.88,,,464.35,4399.83
464.716,3456.91,,,464.716,4524.82
465.081,3444.66,,,465.081,4404.73
465.446,3751,,,465.446,4564.03
465.811,3611.31,,,465.811,4073.88
466.176,3728.94,,,466.176,4414.53
466.541,3537.78,,,466.541,4350.81
466.906,3584.35,,,466.906,4534.62
467.271,3557.39,,,467.271,4529.72
467.636,3721.59,,,467.636,4608.14
468.001,3822.07,,,468.001,4485.6
468.366,3645.62,,,468.366,4576.28
468.731,3621.11,,,468.731,4265.04
469.096,3675.02,,,469.096,4404.73
469.46,3577,,,469.46,4554.22
469.825,3559.84,,,469.825,4502.76
470.19,3584.35,,,470.19,4448.84
470.554,3726.49,,,470.554,4311.6
470.919,3662.77,,,470.919,4318.95
471.283,3581.9,,,471.283,4358.17
471.648,3579.45,,,471.648,4431.69
472.012,3934.8,,,472.012,4615.49
472.376,3765.7,,,472.376,4586.08
472.741,3861.28,,,472.741,4622.84
473.105,3728.94,,,473.105,4703.72
473.469,3951.96,,,473.469,4715.97
473.833,3714.24,,,473.833,4718.42
474.197,3819.62,,,474.197,4674.31
474.561,3841.67,,,474.561,4725.78
474.925,4101.45,,,474.925,4811.55
475.289,3971.56,,,475.289,4750.28
475.653,4081.85,,,475.653,5073.78
476.017,4125.96,,,476.017,5149.75
476.381,4309.76,,,476.381,5059.07
476.745,4214.19,,,476.745,5345.81
477.109,4285.26,,,477.109,5264.94
477.472,4348.98,,,477.472,5505.11
477.836,4508.27,,,477.836,5549.22
478.2,4351.43,,,478.2,5453.64
478.563,4312.21,,,478.563,5720.77
478.927,4545.03,,,478.927,5652.15
479.29,4611.2,,,479.29,5823.7
479.654,4834.22,,,479.654,5764.89
480.017,4503.37,,,480.017,5809
480.381,4655.32,,,480.381,5833.51
480.744,4772.95,,,480.744,6085.93
481.107,4951.86,,,481.107,5958.49
481.471,4824.42,,,481.471,6024.66
481.834,4893.04,,,481.834,6289.34
482.197,5179.77,,,482.197,6174.16
482.56,5302.31,,,482.56,6429.03
482.923,5510.62,,,482.923,6443.74
483.286,5554.74,,,483.286,6960.84
483.649,5843.92,,,483.649,6968.19
484.012,5647.86,,,484.012,6933.88
484.375,5819.41,,,484.375,6747.63
484.738,6035.08,,,484.738,6985.35
485.1,6125.76,,,485.1,7215.72
485.463,6226.24,,,485.463,7561.27
485.826,6456.6,,,485.826,7588.23
486.188,6596.3,,,486.188,7715.67
486.551,6802.16,,,486.551,7821.05
486.914,6934.5,,,486.914,8031.81
487.276,7387.88,,,487.276,8352.86
487.639,7478.56,,,487.639,8477.84
488.001,7537.38,,,488.001,8570.97
488.363,7652.56,,,488.363,8860.16
488.726,7919.69,,,488.726,9191.01
489.088,8473.56,,,489.088,9318.45
489.45,8453.95,,,489.45,9188.56
489.812,8801.95,,,489.812,9823.3
490.175,9218.58,,,490.175,10154.14
490.537,9796.95,,,490.537,10298.74
490.899,10127.8,,,490.899,10710.46
491.261,10537.07,,,491.261,11024.15
491.623,10865.47,,,491.623,11467.74
491.985,11362.97,,,491.985,11624.58
492.347,11706.07,,,492.347,12190.7
492.708,12142.3,,,492.708,12548.51
493.07,12835.86,,,493.07,12705.36
493.432,13436.29,,,493.432,13369.5
493.794,14019.56,,,493.794,13791.03
494.155,14656.75,,,494.155,14457.63
494.517,15301.29,,,494.517,14874.25
494.879,15894.37,,,494.879,15700.15
495.24,16904.07,,,495.24,16207.45
495.602,17612.33,,,495.602,16653.48
495.963,18411.27,,,495.963,17065.21
496.324,19273.93,,,496.324,17783.27
496.686,19881.71,,,496.686,18420.46
497.047,20719.86,,,497.047,18739.06
497.408,21761.42,,,497.408,19707.09
497.769,22714.75,,,497.769,20256.06
498.131,23714.65,,,498.131,21390.75
498.492,24866.5,,,498.492,21626.02
498.853,25462.02,,,498.853,22206.84
499.214,26464.37,,,499.214,22959.21
499.575,27557.4,,,499.575,23998.32
499.936,28155.38,,,499.936,24042.44
500.297,29094.01,,,500.297,25284.96
500.658,29912.55,,,500.658,25699.13
501.018,30824.22,,,501.018,27017.63
501.379,32248.1,,,501.379,27169.57
501.74,32875.49,,,501.74,27777.35
502.1,33941.55,,,502.1,28252.79
502.461,34980.66,,,502.461,29068.89
502.822,35524.73,,,502.822,29546.78
503.182,35980.56,,,503.182,29706.08
503.543,37073.59,,,503.543,30715.78
503.903,37828.41,,,503.903,31066.23
504.263,38323.46,,,504.263,31242.69
504.624,39159.16,,,504.624,31757.34
504.984,38806.25,,,504.984,31762.24
505.344,39034.17,,,505.344,31649.51
505.705,39301.3,,,505.705,32541.57
506.065,39286.6,,,506.065,31843.11
506.425,39838.01,,,506.425,32276.89
506.785,39666.46,,,506.785,31808.8
507.145,39335.61,,,507.145,31769.59
507.505,39904.18,,,507.505,31950.95
507.865,39936.04,,,507.865,31625
508.225,39911.53,,,508.225,31683.82
508.585,38990.06,,,508.585,31215.73
508.944,38740.08,,,508.944,31034.37
509.304,38499.91,,,509.304,30914.29
509.664,37897.03,,,509.664,30348.17
510.023,37419.14,,,510.023,30083.49
510.383,36926.54,,,510.383,29978.11
510.743,36029.58,,,510.743,28990.46
511.102,35659.52,,,511.102,28733.14
511.462,35144.86,,,511.462,28034.68
511.821,34301.81,,,511.821,27926.85
512.18,33831.27,,,512.18,27752.84
512.54,33319.07,,,512.54,27502.87
512.899,32348.58,,,512.899,27088.7
513.258,31811.87,,,513.258,26260.35
513.618,31748.15,,,513.618,26020.18
513.977,30939.41,,,513.977,25855.98
514.336,30218.89,,,514.336,25500.62
514.695,29314.57,,,514.695,24699.23
515.054,29253.3,,,515.054,24706.59
515.413,28221.55,,,515.413,23846.38
515.772,27233.9,,,515.772,23527.78
516.131,26653.08,,,516.131,23547.39
516.49,26403.1,,,516.49,23476.32
516.848,25949.72,,,516.848,22905.3
517.207,24998.84,,,517.207,22844.03
517.566,24719.45,,,517.566,22834.23
517.924,24182.74,,,517.924,22221.54
518.283,23783.27,,,518.283,21662.78
518.642,23543.1,,,518.642,21814.72
519,22729.46,,,519,22027.94
519.359,22707.4,,,519.359,22248.5
519.717,21756.52,,,519.717,21403
520.075,21680.55,,,520.075,21442.21
520.434,21256.57,,,520.434,21429.96
520.792,20761.52,,,520.792,21442.21
521.15,20920.82,,,521.15,21366.24
521.508,20820.34,,,521.508,21160.38
521.867,20501.74,,,521.867,21101.56
522.225,20161.09,,,522.225,20824.63
522.583,19560.66,,,522.583,20552.6
522.941,19695.45,,,522.941,20528.09
523.299,18957.78,,,523.299,20336.93
523.657,18663.7,,,523.657,20741.3
524.014,17791.24,,,524.014,19993.83
524.372,17636.84,,,524.372,20067.35
524.73,17323.15,,,524.73,19839.43
525.088,17261.88,,,525.088,19258.61
525.445,17438.33,,,525.445,19599.26
525.803,16683.51,,,525.803,19106.67
526.161,16235.02,,,526.161,18756.21
526.518,16440.88,,,526.518,18408.21
526.876,16252.18,,,526.876,18346.94
527.233,15840.45,,,527.233,17989.13
527.591,15556.17,,,527.591,17820.03
527.948,15382.17,,,527.948,17224.5
528.305,15519.41,,,528.305,16766.22
528.662,14980.25,,,528.662,16182.94
529.02,14465.59,,,529.02,15690.35
529.377,14504.81,,,529.377,15119.33
529.734,14372.47,,,529.734,14484.59
530.091,13759.78,,,530.091,14273.82
530.448,13318.65,,,530.448,14075.31
530.805,12723.12,,,530.805,13722.41
531.162,12306.5,,,531.162,13264.12
531.519,12063.88,,,531.519,13156.29
531.876,12159.46,,,531.876,13090.12
532.233,11875.17,,,532.233,12511.75
532.589,11551.67,,,532.589,12536.26
532.946,11323.76,,,532.946,12634.28
533.303,11159.56,,,533.303,12548.51
533.659,10787.05,,,533.659,12494.59
534.016,10581.18,,,534.016,11994.64
534.372,10144.95,,,534.372,11629.48
534.729,9907.23,,,534.729,10948.18
535.085,9649.91,,,535.085,10607.53
535.442,9331.31,,,535.442,10301.19
535.798,8792.15,,,535.798,9845.35
536.154,8752.94,,,536.154,9357.66
536.511,8591.19,,,536.511,9252.28
536.867,8064.28,,,536.867,8904.27
537.223,7868.23,,,537.223,8811.14
537.579,7735.89,,,537.579,8793.99
537.935,7863.32,,,537.935,8752.33
538.291,7304.56,,,538.291,8355.31
538.647,7189.37,,,538.647,8470.49
539.003,6934.5,,,539.003,7821.05
539.359,6765.4,,,539.359,7382.37
539.715,6775.2,,,539.715,7326
540.07,6584.04,,,540.07,7504.9
540.426,6498.27,,,540.426,6941.24
540.782,6179.67,,,540.782,6894.67
541.137,6245.84,,,541.137,6926.53
541.493,5981.16,,,541.493,6710.87
541.849,5973.81,,,541.849,6671.66
542.204,5824.32,,,542.204,6519.71
542.56,5738.54,,,542.56,6353.06
542.915,5623.36,,,542.915,6183.96
543.27,5388.09,,,543.27,6179.06
543.626,5272.9,,,543.626,5924.18
543.981,5098.9,,,543.981,5850.66
544.336,5187.13,,,544.336,5811.45
544.691,5179.77,,,544.691,5831.06
545.046,4905.29,,,545.046,5603.14
545.401,4993.52,,,545.401,5534.52
545.756,4741.09,,,545.756,5336.01
546.111,4701.88,,,546.111,5286.99
546.466,4670.02,,,546.466,5340.91
546.821,4704.33,,,546.821,5282.09
547.176,4471.51,,,547.176,5152.2
547.531,4361.23,,,547.531,5127.7
547.886,4219.09,,,547.886,5024.76
548.24,4439.65,,,548.24,5056.62
548.595,4263.2,,,548.595,5027.22
548.95,4221.54,,,548.95,4757.63
549.304,4194.58,,,549.304,4747.83
549.659,4148.02,,,549.659,4676.76
550.013,4089.2,,,550.013,4674.31
550.367,4101.45,,,550.367,4566.48
550.722,3856.38,,,550.722,4500.31
551.076,3829.42,,,551.076,4363.07
551.43,3800.01,,,551.43,4451.29
551.785,3839.22,,,551.785,4321.4
552.139,3731.39,,,552.139,4355.71
552.493,3824.52,,,552.493,4238.08
552.847,3812.27,,,552.847,4245.43
553.201,3684.83,,,553.201,4059.18
553.555,3670.12,,,553.555,4179.26
553.909,3733.84,,,553.909,4137.6
554.263,3623.56,,,554.263,4132.7
554.617,3508.37,,,554.617,4032.22
554.971,3515.73,,,554.971,3951.34
555.324,3540.23,,,555.324,4019.96
555.678,3456.91,,,555.678,3912.13
556.032,3420.15,,,556.032,3936.64
556.385,3412.8,,,556.385,3838.61
556.739,3287.81,,,556.739,3946.44
557.092,3255.95,,,557.092,3796.95
557.446,3204.48,,,557.446,3671.96
557.799,3417.7,,,557.799,3904.78
558.153,3314.77,,,558.153,3708.72
558.506,3287.81,,,558.506,3747.93
558.859,3113.81,,,558.859,3632.75
559.212,3273.1,,,559.212,3769.99
559.566,3047.64,,,559.566,3598.44
559.919,3167.72,,,559.919,3652.36
560.272,3113.81,,,560.272,3686.67
560.625,3199.58,,,560.625,3657.26
560.978,3238.79,,,560.978,3632.75
561.331,3135.86,,,561.331,3556.78
561.684,3035.38,,,561.684,3551.88
562.037,3018.23,,,562.037,3439.14
562.389,3177.53,,,562.389,3419.54
562.742,3160.37,,,562.742,3419.54
563.095,2809.92,,,563.095,3355.82
563.448,2925.1,,,563.448,3426.89
563.8,2827.07,,,563.8,3297
564.153,2736.39,,,564.153,3243.08
564.505,3018.23,,,564.505,3375.42
564.858,2939.81,,,564.858,3323.96
565.21,2841.78,,,565.21,3326.41
565.562,2714.34,,,565.562,3225.93
565.915,2667.77,,,565.915,3125.45
566.267,2888.34,,,566.267,3221.03
566.619,2667.77,,,566.619,3157.31
566.972,2709.44,,,566.972,3299.45
567.324,2653.07,,,567.324,3137.7
567.676,2790.31,,,567.676,3218.58
568.028,2586.9,,,568.028,3051.93
568.38,2662.87,,,568.38,3115.65
568.732,2523.18,,,568.732,2988.21
569.084,2488.87,,,569.084,2980.85
569.435,2552.59,,,569.435,2980.85
569.787,2657.97,,,569.787,2902.43
570.139,2699.63,,,570.139,3105.84
570.491,2523.18,,,570.491,3051.93
570.842,2464.36,,,570.842,2983.31
571.194,2439.86,,,571.194,3088.69
571.546,2628.56,,,571.546,2953.9
571.897,2476.62,,,571.897,2944.09
572.249,2476.62,,,572.249,2990.66
572.6,2466.81,,,572.6,3015.17
572.951,2405.55,,,572.951,2895.08
573.303,2412.9,,,573.303,2789.7
573.654,2376.14,,,573.654,2809.3
574.005,2346.73,,,574.005,3034.77
574.356,2317.32,,,574.356,2855.87
574.707,2224.19,,,574.707,2676.96
575.059,2403.1,,,575.059,2767.64
575.41,2427.6,,,575.41,2814.21
575.761,2280.56,,,575.761,2725.98
576.112,2177.63,,,576.112,2686.77
576.462,2199.68,,,576.462,2816.66
576.813,2251.15,,,576.813,2593.64
577.164,2214.39,,,577.164,2657.36
577.515,2175.18,,,577.515,2559.33
577.865,2251.15,,,577.865,2691.67
578.216,2251.15,,,578.216,2725.98
578.567,2126.16,,,578.567,2549.53
578.917,2241.35,,,578.917,2593.64
579.268,2140.87,,,579.268,2625.5
579.618,2160.47,,,579.618,2576.48
579.969,2082.05,,,579.969,2591.19
580.319,2221.74,,,580.319,2549.53
580.669,2150.67,,,580.669,2576.48
581.02,2202.14,,,581.02,2630.4
581.37,2106.56,,,581.37,2591.19
581.72,1947.26,,,581.72,2559.33
582.07,1974.22,,,582.07,2613.25
582.42,1996.27,,,582.42,2375.52
582.77,2003.63,,,582.77,2441.69
583.12,1939.91,,,583.12,2451.5
583.47,2033.03,,,583.47,2316.71
583.82,1844.33,,,583.82,2201.52
584.17,1881.09,,,584.17,2216.23
584.52,1912.95,,,584.52,2302
584.869,2018.33,,,584.869,2223.58
585.219,1868.84,,,585.219,2284.85
585.569,1903.15,,,585.569,2346.12
585.918,1871.29,,,585.918,2101.04
586.268,1859.03,,,586.268,2326.51
586.617,1736.5,,,586.617,2282.4
586.967,1885.99,,,586.967,2299.55
587.316,1790.41,,,587.316,2265.24
587.666,1881.09,,,587.666,2162.31
588.015,1665.42,,,588.015,2201.52
588.364,1633.57,,,588.364,2047.13
588.713,1783.06,,,588.713,2194.17
589.062,1817.37,,,589.062,2324.06
589.412,1660.52,,,589.412,2054.48
589.761,1665.42,,,589.761,2069.18
590.11,1778.16,,,590.11,2262.79
590.459,1699.74,,,590.459,2174.56
590.807,1682.58,,,590.807,2022.62
591.156,1675.23,,,591.156,2154.96
591.505,1719.34,,,591.505,2007.91
591.854,1687.48,,,591.854,2096.14
592.203,1714.44,,,592.203,2012.82
592.551,1547.79,,,592.551,2034.87
592.9,1719.34,,,592.9,2032.42
593.248,1481.62,,,593.248,1904.98
593.597,1604.16,,,593.597,2081.44
593.945,1540.44,,,593.945,2108.39
594.294,1520.83,,,594.294,2061.83
594.642,1550.24,,,594.642,1927.04
594.991,1491.42,,,594.991,1980.96
595.339,1606.61,,,595.339,1956.45
595.687,1648.27,,,595.687,1993.21
596.035,1579.65,,,596.035,1897.63
596.383,1481.62,,,596.383,1931.94
596.732,1564.94,,,596.732,2032.42
597.08,1464.46,,,597.08,1824.11
597.428,1530.63,,,597.428,1907.43
597.775,1599.26,,,597.775,1819.21
598.123,1530.63,,,598.123,1897.63
598.471,1356.63,,,598.471,1819.21
598.819,1417.9,,,598.819,1900.08
599.167,1447.31,,,599.167,1851.07
599.514,1447.31,,,599.514,1865.77
599.862,1319.87,,,599.862,1797.15
600.21,1501.23,,,600.21,1853.52
600.557,1415.45,,,600.557,1777.55
600.905,1430.15,,,600.905,1782.45
601.252,1557.59,,,601.252,1887.83
601.6,1381.14,,,601.6,1863.32
601.947,1246.35,,,601.947,1694.22
602.294,1359.08,,,602.294,1672.16
602.641,1354.18,,,602.641,1743.24
602.989,1297.82,,,602.989,1770.19
603.336,1373.79,,,603.336,1711.38
603.683,1295.36,,,603.683,1787.35
604.03,1341.93,,,604.03,1753.04
604.377,1388.49,,,604.377,1625.6
604.724,1381.14,,,604.724,1797.15
605.071,1334.58,,,605.071,1669.71
605.418,1300.27,,,605.418,1794.7
605.765,1180.18,,,605.765,1792.25
606.111,1405.65,,,606.111,1777.55
606.458,1172.83,,,606.458,1701.57
606.805,1251.25,,,606.805,1745.69
607.151,1263.51,,,607.151,1765.29
607.498,1246.35,,,607.498,1591.29
607.844,1133.62,,,607.844,1564.33
608.191,1126.26,,,608.191,1596.19
608.537,1155.67,,,608.537,1601.09
608.884,1278.21,,,608.884,1610.9
609.23,1030.69,,,609.23,1412.39
609.576,1111.56,,,609.576,1566.78
609.922,1160.57,,,609.922,1630.5
610.269,1155.67,,,610.269,1588.84
610.615,1126.26,,,610.615,1579.04
610.961,1221.84,,,610.961,1615.8
611.307,1197.34,,,611.307,1581.49
611.653,1069.9,,,611.653,1579.04
611.999,1202.24,,,611.999,1500.61
612.345,1057.64,,,612.345,1498.16
612.69,1047.84,,,612.69,1512.87
613.036,1158.12,,,613.036,1476.11
613.382,1158.12,,,613.382,1405.03
613.728,1121.36,,,613.728,1498.16
614.073,971.87,,,614.073,1463.85
614.419,1003.73,,,614.419,1348.67
614.764,1143.42,,,614.764,1510.42
615.11,1065,,,615.11,1368.27
615.455,1099.31,,,615.455,1449.15
615.801,1020.88,,,615.801,1525.12
616.146,1003.73,,,616.146,1517.77
616.491,1165.48,,,616.491,1559.43
616.837,1033.14,,,616.837,1466.3
617.182,1094.4,,,617.182,1552.08
617.527,1104.21,,,617.527,1527.57
617.872,1023.33,,,617.872,1424.64
618.217,937.56,,,618.217,1338.87
618.562,1038.04,,,618.562,1493.26
618.907,1038.04,,,618.907,1456.5
619.252,1082.15,,,619.252,1488.36
619.597,883.64,,,619.597,1500.61
619.941,949.81,,,619.941,1307.01
620.286,954.71,,,620.286,1275.15
620.631,1006.18,,,620.631,1463.85
620.975,807.67,,,620.975,1267.79
621.32,937.56,,,621.32,1316.81
621.665,805.22,,,621.665,1206.53
622.009,940.01,,,622.009,1270.24
622.354,1028.23,,,622.354,1240.84
622.698,908.15,,,622.698,1353.57
623.042,890.99,,,623.042,1314.36
623.387,849.33,,,623.387,1189.37
623.731,876.29,,,623.731,1270.24
624.075,964.52,,,624.075,1270.24
624.419,925.3,,,624.419,1262.89
624.763,871.39,,,624.763,1287.4
625.107,910.6,,,625.107,1280.05
625.451,849.33,,,625.451,1240.84
625.795,913.05,,,625.795,1353.57
626.139,802.77,,,626.139,1208.98
626.483,834.63,,,626.483,1211.43
626.827,822.37,,,626.827,1191.82
627.171,797.87,,,627.171,1275.15
627.514,883.64,,,627.514,1275.15
627.858,844.43,,,627.858,1157.51
628.201,829.73,,,628.201,1299.65
628.545,775.81,,,628.545,1164.86
628.888,900.8,,,628.888,1211.43
629.232,917.95,,,629.232,1103.59
629.575,810.12,,,629.575,1064.38
629.919,778.26,,,629.919,1235.93
630.262,810.12,,,630.262,1253.09
630.605,834.63,,,630.605,1159.96
630.948,768.46,,,630.948,1235.93
631.292,709.64,,,631.292,1032.52
631.635,653.27,,,631.635,1022.72
631.978,783.16,,,631.978,1248.19
632.321,707.19,,,632.321,1049.68
632.664,633.67,,,632.664,998.21
633.007,876.29,,,633.007,1083.99
633.349,675.33,,,633.349,995.76
633.692,751.3,,,633.692,1000.66
634.035,761.11,,,634.035,998.21
634.378,645.92,,,634.378,1071.74
634.72,790.51,,,634.72,1113.4
635.063,716.99,,,635.063,1057.03
635.405,704.74,,,635.405,973.71
635.748,699.84,,,635.748,1066.83
636.09,726.79,,,636.09,1054.58
636.433,743.95,,,636.433,1022.72
636.775,726.79,,,636.775,1184.47
637.117,702.29,,,637.117,981.06
637.46,648.37,,,637.46,978.61
637.802,795.42,,,637.802,1103.59
638.144,643.47,,,638.144,1000.66
638.486,756.2,,,638.486,1037.43
638.828,547.89,,,638.828,934.49
639.17,633.67,,,639.17,988.41
639.512,628.77,,,639.512,1005.57
639.854,655.72,,,639.854,1034.97
640.196,677.78,,,640.196,1003.11
640.538,648.37,,,640.538,1000.66
640.879,582.2,,,640.879,831.56
641.221,569.95,,,641.221,961.45
641.563,655.72,,,641.563,878.13
641.904,667.98,,,641.904,1010.47
642.246,589.55,,,642.246,939.4
642.587,604.26,,,642.587,939.4
642.929,609.16,,,642.929,949.2
643.27,645.92,,,643.27,1020.27
643.611,716.99,,,643.611,1039.88
643.953,609.16,,,643.953,1008.02
644.294,484.17,,,644.294,929.59
644.635,584.65,,,644.635,914.89
644.976,621.41,,,644.976,934.49
645.317,540.54,,,645.317,848.72
645.658,530.74,,,645.658,885.48
645.999,677.78,,,645.999,929.59
646.34,513.58,,,646.34,843.82
646.681,589.55,,,646.681,922.24
647.022,569.95,,,647.022,887.93
647.363,614.06,,,647.363,883.03
647.703,457.21,,,647.703,846.27
648.044,520.93,,,648.044,875.68
648.385,614.06,,,648.385,932.04
648.725,569.95,,,648.725,731.08
649.066,493.98,,,649.066,846.27
649.406,582.2,,,649.406,829.11
649.747,511.13,,,649.747,799.7
650.087,518.48,,,650.087,902.63
650.428,462.12,,,650.428,804.61
650.768,542.99,,,650.768,799.7
651.108,476.82,,,651.108,878.13
651.448,452.31,,,651.448,802.15
651.788,359.19,,,651.788,731.08
652.128,486.62,,,652.128,799.7
652.468,395.95,,,652.468,718.83
652.808,626.31,,,652.808,794.8
653.148,574.85,,,653.148,870.78
653.488,410.65,,,653.488,640.41
653.828,508.68,,,653.828,836.47
654.168,491.52,,,654.168,735.99
654.507,618.96,,,654.507,834.01
654.847,493.98,,,654.847,694.32
655.187,486.62,,,655.187,809.51
655.526,540.54,,,655.526,696.77
655.866,442.51,,,655.866,709.03
656.205,467.02,,,656.205,716.38
656.545,503.78,,,656.545,704.13
656.884,351.83,,,656.884,713.93
657.223,422.9,,,657.223,640.41
657.563,525.83,,,657.563,642.86
657.902,405.75,,,657.902,625.7
658.241,503.78,,,658.241,841.37
658.58,420.45,,,658.58,772.75
658.919,403.3,,,658.919,686.97
659.258,449.86,,,659.258,674.72
659.597,452.31,,,659.597,758.04
659.936,425.36,,,659.936,709.03
660.275,523.38,,,660.275,699.22
660.614,354.28,,,660.614,588.94
660.952,373.89,,,660.952,606.1
661.291,334.68,,,661.291,623.25
661.63,408.2,,,661.63,613.45
661.968,371.44,,,661.968,642.86
662.307,457.21,,,662.307,748.24
662.645,427.81,,,662.645,674.72
662.984,305.27,,,662.984,552.18
663.322,361.64,,,663.322,561.98
663.661,364.09,,,663.661,566.88
663.999,381.24,,,663.999,539.93
664.337,297.92,,,664.337,561.98
664.675,398.4,,,664.675,598.74
665.013,400.85,,,665.013,642.86
665.351,349.38,,,665.351,566.88
665.689,391.04,,,665.689,679.62
666.027,376.34,,,666.027,471.31
666.365,356.73,,,666.365,633.05
666.703,359.19,,,666.703,586.49
667.041,376.34,,,667.041,591.39
667.379,356.73,,,667.379,588.94
667.717,506.23,,,667.717,650.21
668.054,334.68,,,668.054,608.55
668.392,351.83,,,668.392,581.59
668.729,405.75,,,668.729,579.14
669.067,359.19,,,669.067,488.46
669.404,327.33,,,669.404,559.53
669.742,231.75,,,669.742,549.73
670.079,354.28,,,670.079,549.73
670.417,288.11,,,670.417,584.04
670.754,317.52,,,670.754,566.88
671.091,290.56,,,671.091,517.87
671.428,386.14,,,671.428,696.77
671.765,334.68,,,671.765,576.69
672.102,359.19,,,672.102,486.01
672.439,349.38,,,672.439,566.88
672.776,381.24,,,672.776,669.82
673.113,386.14,,,673.113,549.73
673.45,315.07,,,673.45,468.86
673.787,430.26,,,673.787,593.84
674.124,405.75,,,674.124,591.39
674.46,398.4,,,674.46,535.03
674.797,324.88,,,674.797,601.19
675.134,324.88,,,675.134,552.18
675.47,288.11,,,675.47,544.83
675.807,266.06,,,675.807,446.8
676.143,410.65,,,676.143,603.65
676.479,290.56,,,676.479,446.8
676.816,315.07,,,676.816,584.04
677.152,361.64,,,677.152,439.45
677.488,280.76,,,677.488,427.19
677.824,403.3,,,677.824,611
678.161,224.4,,,678.161,515.42
678.497,388.59,,,678.497,461.5
678.833,310.17,,,678.833,517.87
679.169,332.23,,,679.169,625.7
679.505,295.47,,,679.505,466.4
679.84,248.9,,,679.84,417.39
680.176,356.73,,,680.176,669.82
680.512,337.13,,,680.512,473.76
680.848,310.17,,,680.848,390.43
681.183,310.17,,,681.183,520.32
681.519,226.85,,,681.519,500.71
681.855,192.54,,,681.855,412.49
682.19,283.21,,,682.19,441.9
682.525,278.31,,,682.525,498.26
682.861,337.13,,,682.861,591.39
683.196,383.69,,,683.196,559.53
683.532,371.44,,,683.532,481.11
683.867,337.13,,,683.867,336.52
684.202,344.48,,,684.202,459.05
684.537,275.86,,,684.537,486.01
684.872,138.62,,,684.872,444.35
685.207,256.25,,,685.207,412.49
685.542,231.75,,,685.542,407.59
685.877,246.45,,,685.877,361.02
686.212,163.13,,,686.212,307.11
686.547,212.14,,,686.547,378.18
686.882,231.75,,,686.882,385.53
687.216,190.08,,,687.216,432.09
687.551,256.25,,,687.551,375.73
687.886,263.61,,,687.886,412.49
688.22,293.02,,,688.22,378.18
688.555,297.92,,,688.555,353.67
688.889,199.89,,,688.889,378.18
689.224,275.86,,,689.224,422.29
689.558,224.4,,,689.558,468.86
689.892,268.51,,,689.892,368.38
690.227,302.82,,,690.227,392.88
690.561,199.89,,,690.561,361.02
690.895,266.06,,,690.895,368.38
691.229,236.65,,,691.229,331.61
691.563,266.06,,,691.563,275.25
691.897,302.82,,,691.897,346.32
692.231,165.58,,,692.231,194.37
692.565,315.07,,,692.565,471.31
692.899,339.58,,,692.899,405.14
693.233,207.24,,,693.233,365.92
693.566,133.72,,,693.566,255.64
693.9,148.42,,,693.9,223.78
694.234,172.93,,,694.234,258.09
694.567,209.69,,,694.567,334.07
694.901,143.52,,,694.901,299.76
695.234,297.92,,,695.234,446.8
695.568,226.85,,,695.568,331.61
695.901,234.2,,,695.901,481.11
696.234,89.6,,,696.234,380.63
696.567,234.2,,,696.567,488.46
696.901,114.11,,,696.901,373.28
697.234,202.34,,,697.234,326.71
697.567,263.61,,,697.567,405.14
697.9,153.32,,,697.9,302.21
698.233,165.58,,,698.233,331.61
698.566,263.61,,,698.566,490.91
698.899,253.8,,,698.899,314.46
699.232,229.3,,,699.232,383.08
699.565,116.56,,,699.565,439.45
699.897,168.03,,,699.897,439.45
700.23,106.76,,,700.23,292.4
700.563,126.37,,,700.563,307.11
700.895,192.54,,,700.895,287.5
701.228,339.58,,,701.228,326.71
701.56,202.34,,,701.56,302.21
701.893,204.79,,,701.893,307.11
702.225,143.52,,,702.225,319.36
702.557,111.66,,,702.557,368.38
702.89,185.18,,,702.89,348.77
703.222,160.68,,,703.222,302.21
703.554,204.79,,,703.554,363.47
703.886,160.68,,,703.886,302.21
704.218,268.51,,,704.218,414.94
704.55,45.49,,,704.55,287.5
704.882,119.01,,,704.882,277.7
705.214,79.8,,,705.214,226.23
705.546,126.37,,,705.546,307.11
705.878,40.59,,,705.878,275.25
706.209,190.08,,,706.209,304.66
706.541,138.62,,,706.541,275.25
706.873,182.73,,,706.873,294.85
707.204,175.38,,,707.204,255.64
707.536,280.76,,,707.536,329.16
707.867,109.21,,,707.867,307.11
708.199,153.32,,,708.199,336.52
708.53,224.4,,,708.53,385.53
708.861,204.79,,,708.861,316.91
709.193,224.4,,,709.193,390.43
709.524,246.45,,,709.524,270.35
709.855,92.06,,,709.855,196.82
710.186,221.94,,,710.186,329.16
710.517,263.61,,,710.517,334.07
710.848,270.96,,,710.848,336.52
711.179,143.52,,,711.179,348.77
711.51,148.42,,,711.51,267.9
711.841,111.66,,,711.841,191.92
712.172,121.46,,,712.172,111.05
712.502,219.49,,,712.502,392.88
712.833,190.08,,,712.833,361.02
713.164,109.21,,,713.164,240.94
713.494,131.27,,,713.494,297.3
713.825,141.07,,,713.825,196.82
714.155,182.73,,,714.155,277.7
714.486,212.14,,,714.486,312.01
714.816,163.13,,,714.816,272.8
715.146,143.52,,,715.146,289.95
715.476,67.55,,,715.476,206.63
715.807,150.87,,,715.807,285.05
716.137,185.18,,,716.137,233.59
716.467,234.2,,,716.467,277.7
716.797,199.89,,,716.797,265.44
717.127,123.92,,,717.127,226.23
717.457,87.15,,,717.457,309.56
717.787,248.9,,,717.787,326.71
718.117,38.14,,,718.117,152.71
718.446,158.23,,,718.446,365.92
718.776,77.35,,,718.776,348.77
719.106,116.56,,,719.106,236.04
719.435,224.4,,,719.435,334.07
719.765,111.66,,,719.765,250.74
720.095,84.7,,,720.095,167.42
720.424,170.48,,,720.424,294.85
720.753,30.79,,,720.753,226.23
721.083,241.55,,,721.083,280.15
721.412,-3.52,,,721.412,162.51
721.741,136.17,,,721.741,160.06
722.07,190.08,,,722.07,338.97
722.4,89.6,,,722.4,299.76
722.729,101.86,,,722.729,216.43
723.058,62.65,,,723.058,280.15
723.387,28.34,,,723.387,216.43
723.716,212.14,,,723.716,206.63
724.044,133.72,,,724.044,189.47
724.373,43.04,,,724.373,201.73
724.702,109.21,,,724.702,133.11
725.031,163.13,,,725.031,250.74
725.359,3.83,,,725.359,155.16
725.688,141.07,,,725.688,299.76
726.017,168.03,,,726.017,275.25
726.345,55.29,,,726.345,194.37
726.674,72.45,,,726.674,157.61
727.002,123.92,,,727.002,243.39
727.33,165.58,,,727.33,297.3
727.659,143.52,,,727.659,204.18
727.987,13.63,,,727.987,194.37
728.315,119.01,,,728.315,228.68
728.643,92.06,,,728.643,204.18
728.971,67.55,,,728.971,187.02
729.299,209.69,,,729.299,302.21
729.627,16.08,,,729.627,150.26
729.955,40.59,,,729.955,196.82
730.283,-8.42,,,730.283,125.75
730.611,87.15,,,730.611,209.08
730.938,33.24,,,730.938,209.08
731.266,101.86,,,731.266,319.36
731.594,60.2,,,731.594,106.15
731.921,143.52,,,731.921,184.57
732.249,168.03,,,732.249,231.13
732.576,128.82,,,732.576,275.25
732.904,-25.58,,,732.904,96.34
733.231,84.7,,,733.231,120.85
733.558,13.63,,,733.558,125.75
733.886,65.1,,,733.886,164.96
734.213,25.89,,,734.213,108.6
734.54,136.17,,,734.54,258.09
734.867,38.14,,,734.867,79.19
735.194,126.37,,,735.194,135.56
735.521,116.56,,,735.521,145.36
735.848,47.94,,,735.848,164.96
736.175,35.69,,,736.175,103.7
736.502,160.68,,,736.502,91.44
736.829,52.84,,,736.829,189.47
737.155,92.06,,,737.155,243.39
737.482,121.46,,,737.482,223.78
737.809,96.96,,,737.809,262.99
738.135,175.38,,,738.135,226.23
738.462,101.86,,,738.462,221.33
738.788,101.86,,,738.788,189.47
739.115,33.24,,,739.115,189.47
739.441,43.04,,,739.441,125.75
739.767,60.2,,,739.767,172.32
740.093,92.06,,,740.093,223.78
740.42,153.32,,,740.42,275.25
740.746,13.63,,,740.746,167.42
741.072,23.44,,,741.072,194.37
741.398,128.82,,,741.398,162.51
741.724,45.49,,,741.724,81.64
742.05,47.94,,,742.05,240.94
742.376,38.14,,,742.376,231.13
742.701,-13.33,,,742.701,179.67
743.027,187.63,,,743.027,240.94
743.353,131.27,,,743.353,108.6
743.679,-67.24,,,743.679,101.25
744.004,40.59,,,744.004,120.85
744.33,57.75,,,744.33,182.12
744.655,1.38,,,744.655,140.46
744.981,79.8,,,744.981,189.47
745.306,65.1,,,745.306,98.8
745.631,187.63,,,745.631,133.11
745.957,45.49,,,745.957,120.85
746.282,84.7,,,746.282,182.12
746.607,50.39,,,746.607,113.5
746.932,38.14,,,746.932,103.7
747.257,65.1,,,747.257,140.46
747.582,126.37,,,747.582,187.02
747.907,165.58,,,747.907,125.75
748.232,89.6,,,748.232,164.96
748.557,65.1,,,748.557,86.54
748.881,47.94,,,748.881,64.48
749.206,158.23,,,749.206,226.23
749.531,13.63,,,749.531,91.44
749.855,50.39,,,749.855,37.53
750.18,8.73,,,750.18,57.13
750.505,79.8,,,750.505,164.96
750.829,35.69,,,750.829,135.56
751.153,60.2,,,751.153,123.3
751.478,177.83,,,751.478,155.16
751.802,99.41,,,751.802,194.37
752.126,168.03,,,752.126,194.37
752.45,121.46,,,752.45,199.28
752.775,109.21,,,752.775,108.6
753.099,6.28,,,753.099,125.75
753.423,138.62,,,753.423,189.47
753.747,89.6,,,753.747,204.18
754.07,150.87,,,754.07,88.99
754.394,119.01,,,754.394,103.7
754.718,-20.68,,,754.718,189.47
755.042,6.28,,,755.042,88.99
755.366,55.29,,,755.366,120.85
755.689,77.35,,,755.689,201.73
756.013,-32.93,,,756.013,0.77
756.336,20.98,,,756.336,98.8
756.66,52.84,,,756.66,22.82
756.983,92.06,,,756.983,177.22
757.307,33.24,,,757.307,108.6
757.63,-10.88,,,757.63,52.23
757.953,25.89,,,757.953,106.15
758.276,82.25,,,758.276,201.73
758.599,70,,,758.599,135.56
758.922,74.9,,,758.922,164.96
759.245,60.2,,,759.245,44.88
759.568,155.77,,,759.568,101.25
759.891,40.59,,,759.891,123.3
760.214,65.1,,,760.214,115.95
760.537,92.06,,,760.537,253.19
760.86,50.39,,,760.86,118.4
761.183,111.66,,,761.183,201.73
761.505,11.18,,,761.505,20.37
761.828,77.35,,,761.828,150.26
762.15,3.83,,,762.15,130.65
762.473,55.29,,,762.473,113.5
762.795,45.49,,,762.795,147.81
763.118,148.42,,,763.118,135.56
763.44,172.93,,,763.44,187.02
763.762,138.62,,,763.762,216.43
764.084,13.63,,,764.084,115.95
764.407,18.53,,,764.407,8.12
764.729,45.49,,,764.729,47.33
765.051,111.66,,,765.051,142.91
765.373,11.18,,,765.373,32.63
765.695,96.96,,,765.695,179.67
766.016,79.8,,,766.016,164.96
766.338,-40.28,,,766.338,66.94
766.66,28.34,,,766.66,169.87
766.982,25.89,,,766.982,108.6
767.303,-3.52,,,767.303,88.99
767.625,187.63,,,767.625,179.67
767.947,20.98,,,767.947,86.54
768.268,111.66,,,768.268,167.42
768.589,136.17,,,768.589,98.8
768.911,28.34,,,768.911,84.09
769.232,79.8,,,769.232,93.89
769.553,123.92,,,769.553,86.54
769.875,28.34,,,769.875,103.7
770.196,23.44,,,770.196,13.02
770.517,-37.83,,,770.517,42.43
770.838,-32.93,,,770.838,37.53
771.159,92.06,,,771.159,164.96
771.48,-5.97,,,771.48,79.19
771.801,94.51,,,771.801,147.81
772.122,1.38,,,772.122,103.7
772.442,126.37,,,772.442,140.46
772.763,52.84,,,772.763,169.87
773.084,43.04,,,773.084,84.09
773.404,116.56,,,773.404,209.08
773.725,74.9,,,773.725,135.56
774.045,123.92,,,774.045,138.01
774.366,-15.78,,,774.366,79.19
774.686,131.27,,,774.686,115.95
775.007,94.51,,,775.007,182.12
775.327,145.97,,,775.327,47.33
775.647,92.06,,,775.647,88.99
775.967,3.83,,,775.967,98.8
776.287,72.45,,,776.287,238.49
776.607,96.96,,,776.607,152.71
776.927,74.9,,,776.927,111.05
777.247,-35.38,,,777.247,-82.56
777.567,25.89,,,777.567,71.84
777.887,-15.78,,,777.887,44.88
778.207,16.08,,,778.207,3.22
778.527,3.83,,,778.527,64.48
778.846,11.18,,,778.846,49.78
779.166,33.24,,,779.166,133.11
779.485,55.29,,,779.485,93.89
779.805,121.46,,,779.805,123.3
780.124,33.24,,,780.124,86.54
780.444,89.6,,,780.444,194.37
780.763,52.84,,,780.763,150.26
781.082,165.58,,,781.082,179.67
781.402,153.32,,,781.402,64.48
781.721,160.68,,,781.721,115.95
782.04,40.59,,,782.04,86.54
782.359,-3.52,,,782.359,10.57
782.678,128.82,,,782.678,147.81
782.997,62.65,,,782.997,150.26
783.316,45.49,,,783.316,91.44
783.635,94.51,,,783.635,-6.59
783.953,43.04,,,783.953,69.39
784.272,94.51,,,784.272,0.77
784.591,67.55,,,784.591,84.09
784.909,-5.97,,,784.909,-4.14
785.228,121.46,,,785.228,172.32
785.546,92.06,,,785.546,133.11
785.865,96.96,,,785.865,81.64
786.183,43.04,,,786.183,84.09
786.501,28.34,,,786.501,135.56
786.82,-1.07,,,786.82,71.84
787.138,50.39,,,787.138,64.48
787.456,94.51,,,787.456,64.48
787.774,207.24,,,787.774,54.68
788.092,-13.33,,,788.092,111.05
788.41,84.7,,,788.41,113.5
788.728,50.39,,,788.728,91.44
789.046,43.04,,,789.046,130.65
789.364,40.59,,,789.364,91.44
789.682,229.3,,,789.682,260.54
789.999,87.15,,,789.999,81.64
790.317,40.59,,,790.317,35.08
790.635,45.49,,,790.635,84.09
790.952,50.39,,,790.952,54.68
791.27,-47.64,,,791.27,84.09
791.587,160.68,,,791.587,236.04
791.905,197.44,,,791.905,120.85
792.222,101.86,,,792.222,174.77
792.539,94.51,,,792.539,184.57
792.856,84.7,,,792.856,79.19
793.173,25.89,,,793.173,52.23
793.491,40.59,,,793.491,35.08
793.808,-8.42,,,793.808,-1.68
794.125,-35.38,,,794.125,-65.4
794.442,121.46,,,794.442,54.68
794.758,47.94,,,794.758,59.58
795.075,45.49,,,795.075,88.99
795.392,70,,,795.392,174.77
795.709,70,,,795.709,-9.04
796.025,185.18,,,796.025,135.56
796.342,104.31,,,796.342,128.2
796.658,72.45,,,796.658,59.58
796.975,65.1,,,796.975,76.74
797.291,40.59,,,797.291,30.17
797.608,-10.88,,,797.608,62.03
797.924,28.34,,,797.924,-4.14
798.24,109.21,,,798.24,111.05
798.557,145.97,,,798.557,106.15
798.873,70,,,798.873,59.58
799.189,47.94,,,799.189,69.39
799.505,116.56,,,799.505,128.2
799.821,-42.73,,,799.821,-13.94
800.137,180.28,,,800.137,150.26
800.453,-62.34,,,800.453,93.89
800.768,55.29,,,800.768,39.98
801.084,-84.4,,,801.084,-1.68
801.4,57.75,,,801.4,101.25
801.715,136.17,,,801.715,157.61
802.031,175.38,,,802.031,88.99
802.347,-25.58,,,802.347,15.47
802.662,136.17,,,802.662,194.37
802.977,160.68,,,802.977,103.7
803.293,84.7,,,803.293,-38.45
803.608,23.44,,,803.608,52.23
803.923,43.04,,,803.923,8.12
804.238,143.52,,,804.238,86.54
804.554,-3.52,,,804.554,-38.45
804.869,72.45,,,804.869,54.68
805.184,20.98,,,805.184,88.99
805.499,40.59,,,805.499,52.23
805.814,-1.07,,,805.814,57.13
806.128,-25.58,,,806.128,108.6
806.443,20.98,,,806.443,25.27
806.758,143.52,,,806.758,179.67
807.073,25.89,,,807.073,35.08
807.387,106.76,,,807.387,111.05
807.702,-8.42,,,807.702,71.84
808.016,-18.23,,,808.016,13.02
808.331,57.75,,,808.331,74.29
808.645,52.84,,,808.645,86.54
808.959,60.2,,,808.959,59.58
809.274,30.79,,,809.274,123.3
809.588,138.62,,,809.588,98.8
809.902,114.11,,,809.902,101.25
810.216,-1.07,,,810.216,130.65
810.53,30.79,,,810.53,3.22
810.844,-28.03,,,810.844,88.99
811.158,-18.23,,,811.158,39.98
811.472,67.55,,,811.472,79.19
811.786,50.39,,,811.786,49.78
812.1,-3.52,,,812.1,39.98
812.413,84.7,,,812.413,44.88
812.727,35.69,,,812.727,98.8
813.041,-10.88,,,813.041,106.15
813.354,60.2,,,813.354,69.39
813.668,101.86,,,813.668,140.46
813.981,96.96,,,813.981,-31.09
814.294,57.75,,,814.294,0.77
814.608,35.69,,,814.608,17.92
814.921,6.28,,,814.921,0.77
815.234,89.6,,,815.234,118.4
815.547,160.68,,,815.547,22.82
815.86,11.18,,,815.86,35.08
816.173,101.86,,,816.173,150.26
816.486,33.24,,,816.486,69.39
816.799,45.49,,,816.799,74.29
817.112,33.24,,,817.112,20.37
817.425,30.79,,,817.425,59.58
817.738,55.29,,,817.738,103.7
818.05,-20.68,,,818.05,84.09
818.363,23.44,,,818.363,69.39
818.676,11.18,,,818.676,17.92
818.988,55.29,,,818.988,-26.19
819.301,-25.58,,,819.301,-31.09
819.613,-42.73,,,819.613,66.94
819.925,-1.07,,,819.925,39.98
820.238,143.52,,,820.238,101.25
820.55,18.53,,,820.55,-9.04
820.862,94.51,,,820.862,96.34
821.174,-50.09,,,821.174,-11.49
821.486,-20.68,,,821.486,22.82
821.798,43.04,,,821.798,15.47
822.11,18.53,,,822.11,17.92
822.422,-40.28,,,822.422,-26.19
822.734,65.1,,,822.734,96.34
823.046,13.63,,,823.046,20.37
823.357,-96.65,,,823.357,44.88
823.669,-42.73,,,823.669,-11.49
823.981,-47.64,,,823.981,-9.04
824.292,28.34,,,824.292,101.25
824.604,89.6,,,824.604,91.44
824.915,-77.04,,,824.915,-40.9
825.226,8.73,,,825.226,13.02
825.538,6.28,,,825.538,93.89
825.849,8.73,,,825.849,64.48
826.16,6.28,,,826.16,-53.15
826.471,-72.14,,,826.471,27.72
826.782,57.75,,,826.782,10.57
827.093,38.14,,,827.093,32.63
827.404,72.45,,,827.404,108.6
827.715,-20.68,,,827.715,-43.35
828.026,52.84,,,828.026,32.63
828.337,50.39,,,828.337,187.02
828.648,23.44,,,828.648,59.58
828.958,138.62,,,828.958,76.74
829.269,-42.73,,,829.269,115.95
829.58,13.63,,,829.58,0.77
829.89,20.98,,,829.89,49.78
830.2,-40.28,,,830.2,10.57
830.511,11.18,,,830.511,8.12
830.821,-45.19,,,830.821,32.63
831.131,77.35,,,831.131,25.27
831.442,65.1,,,831.442,3.22
831.752,-47.64,,,831.752,-33.54
832.062,50.39,,,832.062,145.36
832.372,45.49,,,832.372,123.3
832.682,-15.78,,,832.682,10.57
832.992,96.96,,,832.992,44.88
833.302,20.98,,,833.302,25.27
833.612,-52.54,,,833.612,17.92
833.921,-50.09,,,833.921,5.67
834.231,-20.68,,,834.231,20.37
834.541,-8.42,,,834.541,-55.6
834.85,-57.44,,,834.85,-99.71
835.16,-5.97,,,835.16,42.43
835.469,25.89,,,835.469,-36
835.779,72.45,,,835.779,91.44
836.088,35.69,,,836.088,-13.94
836.397,-155.47,,,836.397,-70.31
836.707,1.38,,,836.707,108.6
837.016,-30.48,,,837.016,44.88
837.325,8.73,,,837.325,74.29
837.634,18.53,,,837.634,-9.04
837.943,35.69,,,837.943,-21.29
838.252,-42.73,,,838.252,-16.39
838.561,57.75,,,838.561,-4.14
838.87,77.35,,,838.87,93.89
839.178,11.18,,,839.178,-13.94
839.487,18.53,,,839.487,8.12
839.796,-79.5,,,839.796,-4.14
840.104,55.29,,,840.104,101.25
840.413,82.25,,,840.413,15.47
840.721,50.39,,,840.721,47.33
841.03,-10.88,,,841.03,8.12
841.338,-23.13,,,841.338,-16.39
841.647,62.65,,,841.647,30.17
841.955,-3.52,,,841.955,20.37
842.263,45.49,,,842.263,-21.29
842.571,126.37,,,842.571,-6.59
842.879,3.83,,,842.879,35.08
843.187,-32.93,,,843.187,111.05
843.495,87.15,,,843.495,93.89
843.803,87.15,,,843.803,125.75
844.111,-20.68,,,844.111,-72.76
844.419,-25.58,,,844.419,32.63
844.726,47.94,,,844.726,49.78
845.034,-5.97,,,845.034,20.37
845.342,11.18,,,845.342,32.63
845.649,47.94,,,845.649,30.17
845.957,25.89,,,845.957,-38.45
846.264,45.49,,,846.264,-18.84
846.572,-42.73,,,846.572,-55.6
846.879,-3.52,,,846.879,-13.94
847.186,16.08,,,847.186,0.77
847.493,-1.07,,,847.493,44.88
847.801,-20.68,,,847.801,111.05
848.108,52.84,,,848.108,64.48
848.415,3.83,,,848.415,10.57
848.722,92.06,,,848.722,84.09
849.029,-28.03,,,849.029,-94.81
849.335,25.89,,,849.335,98.8
849.642,28.34,,,849.642,22.82
849.949,-18.23,,,849.949,-26.19
850.256,-28.03,,,850.256,-33.54
850.562,65.1,,,850.562,64.48
850.869,43.04,,,850.869,79.19
851.175,143.52,,,851.175,64.48
851.482,-8.42,,,851.482,79.19
851.788,45.49,,,851.788,32.63
852.095,-35.38,,,852.095,-89.91
852.401,-8.42,,,852.401,57.13
852.707,28.34,,,852.707,22.82
853.013,-62.34,,,853.013,25.27
853.319,-79.5,,,853.319,10.57
853.625,-8.42,,,853.625,37.53
853.931,109.21,,,853.931,13.02
854.237,-108.9,,,854.237,-92.36
854.543,47.94,,,854.543,0.77
854.849,87.15,,,854.849,91.44
855.155,-18.23,,,855.155,47.33
855.46,-8.42,,,855.46,-9.04
855.766,57.75,,,855.766,-43.35
856.072,-1.07,,,856.072,-45.8
856.377,11.18,,,856.377,79.19
856.683,-86.85,,,856.683,66.94
856.988,74.9,,,856.988,22.82
857.293,23.44,,,857.293,108.6
857.599,3.83,,,857.599,5.67
857.904,123.92,,,857.904,66.94
858.209,-62.34,,,858.209,52.23
858.514,57.75,,,858.514,44.88
858.819,-1.07,,,858.819,30.17
859.124,40.59,,,859.124,138.01
859.429,82.25,,,859.429,27.72
859.734,-54.99,,,859.734,0.77
860.039,-1.07,,,860.039,88.99
860.343,-35.38,,,860.343,52.23
860.648,-111.36,,,860.648,-13.94
860.953,20.98,,,860.953,-16.39
861.257,-45.19,,,861.257,15.47
861.562,82.25,,,861.562,145.36
861.866,-45.19,,,861.866,-116.87
862.171,101.86,,,862.171,106.15
862.475,-42.73,,,862.475,-38.45
862.779,-35.38,,,862.779,-6.59
863.084,79.8,,,863.084,37.53
863.388,-113.81,,,863.388,39.98
863.692,-45.19,,,863.692,-40.9
863.996,-69.69,,,863.996,-104.62
864.3,-50.09,,,864.3,0.77
864.604,11.18,,,864.604,-16.39
864.908,-20.68,,,864.908,64.48
865.211,84.7,,,865.211,76.74
865.515,-54.99,,,865.515,-87.46
865.819,65.1,,,865.819,93.89
866.123,25.89,,,866.123,128.2
866.426,1.38,,,866.426,22.82
866.73,-1.07,,,866.73,91.44
867.033,-32.93,,,867.033,62.03
867.336,-89.3,,,867.336,-85.01
867.64,-30.48,,,867.64,-23.74
867.943,-8.42,,,867.943,-9.04
868.246,28.34,,,868.246,-9.04
868.549,-15.78,,,868.549,-72.76
868.853,-18.23,,,868.853,-13.94
869.156,-45.19,,,869.156,-53.15
869.459,60.2,,,869.459,93.89
869.762,-35.38,,,869.762,17.92
870.064,121.46,,,870.064,150.26
870.367,6.28,,,870.367,-6.59
870.67,-40.28,,,870.67,71.84
870.973,-3.52,,,870.973,-70.31
871.275,-35.38,,,871.275,-65.4
871.578,-3.52,,,871.578,15.47
871.88,72.45,,,871.88,138.01
872.183,-64.79,,,872.183,15.47
872.485,-5.97,,,872.485,47.33
872.787,60.2,,,872.787,108.6
873.09,47.94,,,873.09,128.2
873.392,-74.59,,,873.392,-33.54
873.694,30.79,,,873.694,0.77
873.996,33.24,,,873.996,-11.49
874.298,-106.45,,,874.298,74.29
874.6,-42.73,,,874.6,-9.04
874.902,65.1,,,874.902,35.08
875.204,60.2,,,875.204,52.23
875.506,40.59,,,875.506,81.64
875.808,-28.03,,,875.808,27.72
876.109,-25.58,,,876.109,-1.68
876.411,82.25,,,876.411,44.88
876.712,-23.13,,,876.712,54.68
877.014,35.69,,,877.014,84.09
877.315,1.38,,,877.315,120.85
877.617,-99.1,,,877.617,32.63
877.918,-25.58,,,877.918,8.12
878.219,77.35,,,878.219,35.08
878.521,-40.28,,,878.521,10.57
878.822,-28.03,,,878.822,84.09
879.123,101.86,,,879.123,103.7
879.424,33.24,,,879.424,37.53
879.725,79.8,,,879.725,37.53
880.026,-52.54,,,880.026,54.68
880.326,-8.42,,,880.326,22.82
880.627,11.18,,,880.627,64.48
880.928,-35.38,,,880.928,42.43
881.229,-91.75,,,881.229,-89.91
881.529,43.04,,,881.529,-18.84
881.83,89.6,,,881.83,103.7
882.13,-81.95,,,882.13,44.88
882.431,45.49,,,882.431,39.98
882.731,87.15,,,882.731,52.23
883.031,-84.4,,,883.031,-116.87
883.332,16.08,,,883.332,30.17
883.632,3.83,,,883.632,-4.14
883.932,-20.68,,,883.932,44.88
884.232,28.34,,,884.232,-4.14
884.532,52.84,,,884.532,84.09
884.832,-25.58,,,884.832,44.88
885.132,163.13,,,885.132,79.19
885.432,-74.59,,,885.432,-53.15
885.732,1.38,,,885.732,-36
886.031,6.28,,,886.031,-58.05
886.331,-8.42,,,886.331,10.57
886.63,33.24,,,886.63,66.94
886.93,57.75,,,886.93,32.63
887.229,60.2,,,887.229,59.58
887.529,3.83,,,887.529,25.27
887.828,6.28,,,887.828,-85.01
888.128,-69.69,,,888.128,-31.09
888.427,38.14,,,888.427,103.7
888.726,1.38,,,888.726,5.67
889.025,57.75,,,889.025,57.13
889.324,13.63,,,889.324,103.7
889.623,-54.99,,,889.623,-21.29
889.922,1.38,,,889.922,76.74
890.221,45.49,,,890.221,74.29
890.52,40.59,,,890.52,145.36
890.818,-15.78,,,890.818,52.23
891.117,119.01,,,891.117,135.56
891.416,-23.13,,,891.416,76.74
891.714,18.53,,,891.714,17.92
892.013,-62.34,,,892.013,-55.6
892.311,-30.48,,,892.311,25.27
892.61,60.2,,,892.61,3.22
892.908,-30.48,,,892.908,37.53
893.206,-118.71,,,893.206,13.02
893.505,-74.59,,,893.505,-28.64
893.803,40.59,,,893.803,62.03
894.101,40.59,,,894.101,103.7
894.399,77.35,,,894.399,57.13
894.697,67.55,,,894.697,84.09
894.995,55.29,,,894.995,-60.5
895.293,-23.13,,,895.293,44.88
895.59,-52.54,,,895.59,-40.9
895.888,-91.75,,,895.888,-31.09
896.186,126.37,,,896.186,108.6
896.483,77.35,,,896.483,57.13
896.781,106.76,,,896.781,96.34
897.078,67.55,,,897.078,57.13
897.376,52.84,,,897.376,32.63
897.673,-62.34,,,897.673,5.67
897.971,-121.16,,,897.971,-80.11
898.268,-18.23,,,898.268,32.63
898.565,65.1,,,898.565,42.43
898.862,-113.81,,,898.862,35.08
899.159,-35.38,,,899.159,71.84
899.456,-20.68,,,899.456,-85.01
899.753,104.31,,,899.753,-33.54
900.05,-40.28,,,900.05,10.57
900.347,33.24,,,900.347,13.02
900.644,38.14,,,900.644,-4.14
900.94,-67.24,,,900.94,-9.04
901.237,-84.4,,,901.237,-23.74
901.534,-42.73,,,901.534,-43.35
901.83,-54.99,,,901.83,-62.95
902.126,-10.88,,,902.126,-9.04
902.423,50.39,,,902.423,-1.68
902.719,72.45,,,902.719,130.65
903.016,-128.51,,,903.016,-11.49
903.312,-15.78,,,903.312,8.12
903.608,-8.42,,,903.608,-28.64
903.904,16.08,,,903.904,-16.39
904.2,-45.19,,,904.2,-13.94
904.496,-40.28,,,904.496,-11.49
904.792,-10.88,,,904.792,37.53
905.088,60.2,,,905.088,-92.36
905.384,3.83,,,905.384,-38.45
905.679,-20.68,,,905.679,-1.68
905.975,-40.28,,,905.975,27.72
906.271,121.46,,,906.271,91.44
906.566,-13.33,,,906.566,-23.74
906.862,-81.95,,,906.862,27.72
907.157,-20.68,,,907.157,-11.49
907.452,-123.61,,,907.452,-192.84
907.748,30.79,,,907.748,-38.45
908.043,23.44,,,908.043,-26.19
908.338,-50.09,,,908.338,27.72
908.633,-23.13,,,908.633,22.82
908.928,-3.52,,,908.928,-72.76
909.223,-67.24,,,909.223,98.8
909.518,45.49,,,909.518,74.29
909.813,-94.2,,,909.813,66.94
910.108,13.63,,,910.108,25.27
910.403,-54.99,,,910.403,-26.19
910.698,20.98,,,910.698,35.08
910.992,38.14,,,910.992,74.29
911.287,82.25,,,911.287,3.22
911.581,-30.48,,,911.581,-45.8
911.876,-32.93,,,911.876,-43.35
912.17,-28.03,,,912.17,76.74
912.465,-5.97,,,912.465,-9.04
912.759,89.6,,,912.759,79.19
913.053,-45.19,,,913.053,-18.84
913.347,13.63,,,913.347,-40.9
913.641,50.39,,,913.641,81.64
913.935,-40.28,,,913.935,15.47
914.229,-3.52,,,914.229,-28.64
914.523,20.98,,,914.523,71.84
914.817,16.08,,,914.817,-26.19
915.111,-81.95,,,915.111,-53.15
915.405,-20.68,,,915.405,-4.14
915.698,-50.09,,,915.698,25.27
915.992,-28.03,,,915.992,-38.45
916.285,-10.88,,,916.285,25.27
916.579,13.63,,,916.579,140.46
916.872,-25.58,,,916.872,-33.54
917.166,-64.79,,,917.166,-33.54
917.459,20.98,,,917.459,32.63
917.752,89.6,,,917.752,125.75
918.045,-1.07,,,918.045,-72.76
918.338,13.63,,,918.338,-16.39
918.632,33.24,,,918.632,91.44
918.925,11.18,,,918.925,118.4
919.217,25.89,,,919.217,71.84
919.51,33.24,,,919.51,30.17
919.803,-42.73,,,919.803,-111.97
920.096,11.18,,,920.096,79.19
920.389,114.11,,,920.389,81.64
920.681,77.35,,,920.681,44.88
920.974,-18.23,,,920.974,125.75
921.266,13.63,,,921.266,108.6
921.559,-18.23,,,921.559,-36
921.851,-25.58,,,921.851,25.27
922.143,23.44,,,922.143,-28.64
922.436,-3.52,,,922.436,-1.68
922.728,-3.52,,,922.728,-45.8
923.02,-106.45,,,923.02,-9.04
923.312,-40.28,,,923.312,-40.9
923.604,-121.16,,,923.604,-40.9
923.896,106.76,,,923.896,86.54
924.188,-104,,,924.188,5.67
924.48,-37.83,,,924.48,22.82
924.772,-50.09,,,924.772,-80.11
925.063,23.44,,,925.063,120.85
925.355,33.24,,,925.355,62.03
925.647,-59.89,,,925.647,-50.7
925.938,-8.42,,,925.938,79.19
926.23,-140.76,,,926.23,-55.6
926.521,25.89,,,926.521,-13.94
926.812,28.34,,,926.812,-23.74
927.104,18.53,,,927.104,-50.7
927.395,40.59,,,927.395,39.98
927.686,-89.3,,,927.686,15.47
927.977,47.94,,,927.977,-9.04
928.268,-45.19,,,928.268,103.7
928.559,-47.64,,,928.559,-60.5
928.85,65.1,,,928.85,-26.19
929.141,-54.99,,,929.141,5.67
929.432,-59.89,,,929.432,-31.09
929.722,67.55,,,929.722,66.94
930.013,-28.03,,,930.013,-104.62
930.304,72.45,,,930.304,35.08
930.594,-96.65,,,930.594,-97.26
930.885,-13.33,,,930.885,42.43
931.175,6.28,,,931.175,17.92
931.465,-3.52,,,931.465,5.67
931.756,-69.69,,,931.756,-21.29
932.046,55.29,,,932.046,-60.5
932.336,-123.61,,,932.336,-9.04
932.626,47.94,,,932.626,27.72
932.916,57.75,,,932.916,49.78
933.206,8.73,,,933.206,27.72
933.496,33.24,,,933.496,-16.39
933.786,-32.93,,,933.786,13.02
934.076,-28.03,,,934.076,-21.29
934.365,-23.13,,,934.365,-58.05
934.655,38.14,,,934.655,96.34
934.945,-30.48,,,934.945,25.27
935.234,38.14,,,935.234,138.01
935.524,-3.52,,,935.524,-26.19
935.813,-128.51,,,935.813,-109.52
936.103,-1.07,,,936.103,-55.6
936.392,-148.12,,,936.392,-121.77
936.681,-23.13,,,936.681,-33.54
936.97,-15.78,,,936.97,10.57
937.259,-121.16,,,937.259,-80.11
937.548,-25.58,,,937.548,-67.85
937.837,65.1,,,937.837,-26.19
938.126,87.15,,,938.126,42.43
938.415,89.6,,,938.415,66.94
938.704,-54.99,,,938.704,42.43
938.993,-32.93,,,938.993,-60.5
939.281,-20.68,,,939.281,35.08
939.57,-111.36,,,939.57,-53.15
939.859,-62.34,,,939.859,-6.59
940.147,-15.78,,,940.147,15.47
940.436,-99.1,,,940.436,-31.09
940.724,-54.99,,,940.724,-4.14
941.012,72.45,,,941.012,101.25
941.301,-1.07,,,941.301,35.08
941.589,-30.48,,,941.589,62.03
941.877,-138.31,,,941.877,-75.21
942.165,-3.52,,,942.165,-53.15
942.453,-81.95,,,942.453,-28.64
942.741,28.34,,,942.741,5.67
943.029,-35.38,,,943.029,-4.14
943.316,-52.54,,,943.316,-38.45
943.604,-5.97,,,943.604,54.68
943.892,-1.07,,,943.892,-99.71
944.18,96.96,,,944.18,-4.14
944.467,13.63,,,944.467,91.44
944.755,-35.38,,,944.755,-136.48
945.042,-1.07,,,945.042,-60.5
945.329,-10.88,,,945.329,-26.19
945.617,-69.69,,,945.617,5.67
945.904,28.34,,,945.904,49.78
946.191,11.18,,,946.191,130.65
946.478,70,,,946.478,-36
946.765,-84.4,,,946.765,-38.45
947.052,-50.09,,,947.052,39.98
947.339,35.69,,,947.339,54.68
947.626,40.59,,,947.626,-18.84
947.913,-42.73,,,947.913,-23.74
948.2,-18.23,,,948.2,135.56
948.486,-10.88,,,948.486,-31.09
948.773,-50.09,,,948.773,39.98
949.06,16.08,,,949.06,20.37
949.346,101.86,,,949.346,140.46
949.633,-67.24,,,949.633,13.02
949.919,1.38,,,949.919,52.23
950.205,-18.23,,,950.205,20.37
950.492,23.44,,,950.492,27.72
950.778,1.38,,,950.778,-9.04
951.064,-13.33,,,951.064,-62.95
951.35,-3.52,,,951.35,-13.94
951.636,30.79,,,951.636,66.94
951.922,25.89,,,951.922,91.44
952.208,-18.23,,,952.208,30.17
952.494,43.04,,,952.494,86.54
952.779,-15.78,,,952.779,-4.14
953.065,-47.64,,,953.065,-65.4
953.351,-15.78,,,953.351,-38.45
953.636,-42.73,,,953.636,5.67
953.922,82.25,,,953.922,140.46
954.207,72.45,,,954.207,106.15
954.492,65.1,,,954.492,49.78
954.778,28.34,,,954.778,20.37
955.063,-15.78,,,955.063,3.22
955.348,-13.33,,,955.348,5.67
955.633,1.38,,,955.633,-45.8
955.918,-45.19,,,955.918,69.39
956.203,25.89,,,956.203,128.2
956.488,-99.1,,,956.488,-28.64
956.773,-69.69,,,956.773,3.22
957.058,-47.64,,,957.058,10.57
957.343,16.08,,,957.343,-1.68
957.627,23.44,,,957.627,10.57
957.912,30.79,,,957.912,44.88
958.197,40.59,,,958.197,20.37
958.481,25.89,,,958.481,27.72
958.766,-1.07,,,958.766,-31.09
959.05,145.97,,,959.05,196.82
959.334,-28.03,,,959.334,-28.64
959.619,-18.23,,,959.619,39.98
959.903,-30.48,,,959.903,37.53
960.187,-138.31,,,960.187,-31.09
960.471,65.1,,,960.471,-92.36
960.755,30.79,,,960.755,81.64
961.039,-57.44,,,961.039,-77.66
961.323,25.89,,,961.323,52.23
961.606,70,,,961.606,-55.6
961.89,23.44,,,961.89,10.57
962.174,143.52,,,962.174,172.32
962.457,-28.03,,,962.457,81.64
962.741,23.44,,,962.741,-28.64
963.025,-57.44,,,963.025,-4.14
963.308,25.89,,,963.308,52.23
963.591,77.35,,,963.591,103.7
963.875,74.9,,,963.875,74.29
964.158,70,,,964.158,22.82
964.441,35.69,,,964.441,-13.94
964.724,-15.78,,,964.724,-53.15
965.007,-35.38,,,965.007,0.77
965.29,87.15,,,965.29,96.34
965.573,25.89,,,965.573,44.88
965.856,38.14,,,965.856,25.27
966.139,11.18,,,966.139,20.37
966.421,-5.97,,,966.421,79.19
966.704,-81.95,,,966.704,-80.11
966.987,8.73,,,966.987,-45.8
967.269,3.83,,,967.269,0.77
967.552,-28.03,,,967.552,-82.56
967.834,-18.23,,,967.834,-1.68
968.117,-1.07,,,968.117,-11.49
968.399,50.39,,,968.399,5.67
968.681,60.2,,,968.681,96.34
968.963,-126.06,,,968.963,-40.9
969.245,-32.93,,,969.245,-1.68
969.527,123.92,,,969.527,76.74
969.809,-32.93,,,969.809,-16.39
970.091,-130.96,,,970.091,-6.59
970.373,16.08,,,970.373,-99.71
970.655,38.14,,,970.655,76.74
970.937,-79.5,,,970.937,-16.39
971.218,-25.58,,,971.218,-4.14
971.5,106.76,,,971.5,64.48
971.781,-69.69,,,971.781,-26.19
972.063,-106.45,,,972.063,17.92
972.344,-138.31,,,972.344,-38.45
972.626,-20.68,,,972.626,-60.5
972.907,-1.07,,,972.907,30.17
973.188,-1.07,,,973.188,-4.14
973.469,40.59,,,973.469,-11.49
973.75,-32.93,,,973.75,-9.04
974.031,-30.48,,,974.031,-6.59
974.312,-47.64,,,974.312,39.98
974.593,70,,,974.593,96.34
974.874,-28.03,,,974.874,-11.49
975.155,-89.3,,,975.155,27.72
975.435,153.32,,,975.435,74.29
975.716,-130.96,,,975.716,-80.11
975.997,-13.33,,,975.997,-16.39
976.277,50.39,,,976.277,42.43
976.558,60.2,,,976.558,-21.29
976.838,33.24,,,976.838,22.82
977.118,-30.48,,,977.118,-21.29
977.399,-45.19,,,977.399,-9.04
977.679,45.49,,,977.679,-4.14
977.959,-37.83,,,977.959,17.92
978.239,67.55,,,978.239,108.6
978.519,55.29,,,978.519,86.54
978.799,128.82,,,978.799,91.44
979.079,52.84,,,979.079,84.09
979.359,60.2,,,979.359,-26.19
979.638,-20.68,,,979.638,8.12
979.918,-79.5,,,979.918,-26.19
980.198,11.18,,,980.198,59.58
980.477,-57.44,,,980.477,-87.46
980.757,45.49,,,980.757,39.98
981.036,-69.69,,,981.036,42.43
981.315,33.24,,,981.315,49.78
981.595,-32.93,,,981.595,-33.54
981.874,-42.73,,,981.874,-119.32
982.153,13.63,,,982.153,-6.59
982.432,94.51,,,982.432,123.3
982.711,45.49,,,982.711,66.94
982.99,28.34,,,982.99,-31.09
983.269,-74.59,,,983.269,22.82
983.548,3.83,,,983.548,30.17
983.827,3.83,,,983.827,-28.64
984.105,96.96,,,984.105,8.12
984.384,-130.96,,,984.384,-31.09
984.663,1.38,,,984.663,79.19
984.941,30.79,,,984.941,22.82
985.22,-52.54,,,985.22,-36
985.498,16.08,,,985.498,-134.02
985.776,-89.3,,,985.776,-114.42
986.055,-32.93,,,986.055,5.67
986.333,-28.03,,,986.333,25.27
986.611,62.65,,,986.611,93.89
986.889,77.35,,,986.889,-18.84
987.167,38.14,,,987.167,-4.14
987.445,136.17,,,987.445,115.95
987.723,30.79,,,987.723,86.54
988.001,87.15,,,988.001,150.26
988.279,65.1,,,988.279,-23.74
988.556,-28.03,,,988.556,22.82
988.834,40.59,,,988.834,17.92
989.112,45.49,,,989.112,71.84
989.389,-113.81,,,989.389,-23.74
989.666,-5.97,,,989.666,15.47
989.944,30.79,,,989.944,59.58
990.221,1.38,,,990.221,-6.59
990.498,38.14,,,990.498,30.17
990.776,13.63,,,990.776,-36
991.053,38.14,,,991.053,52.23
991.33,-47.64,,,991.33,81.64
991.607,-3.52,,,991.607,49.78
991.884,-10.88,,,991.884,-31.09
992.161,-37.83,,,992.161,0.77
992.437,84.7,,,992.437,103.7
992.714,-28.03,,,992.714,64.48
992.991,-84.4,,,992.991,-45.8
993.267,-1.07,,,993.267,76.74
993.544,-42.73,,,993.544,54.68
993.82,23.44,,,993.82,54.68
994.097,65.1,,,994.097,-4.14
994.373,-1.07,,,994.373,-4.14
994.649,1.38,,,994.649,62.03
994.926,-1.07,,,994.926,-26.19
995.202,70,,,995.202,30.17
995.478,-10.88,,,995.478,35.08
995.754,-5.97,,,995.754,35.08
996.03,-3.52,,,996.03,-82.56
996.306,96.96,,,996.306,103.7
996.582,-67.24,,,996.582,-11.49
996.857,-30.48,,,996.857,-58.05
997.133,43.04,,,997.133,96.34
997.409,18.53,,,997.409,-72.76
997.684,-5.97,,,997.684,-48.25
997.96,-91.75,,,997.96,-85.01
998.235,20.98,,,998.235,-43.35
998.511,20.98,,,998.511,3.22
998.786,3.83,,,998.786,-9.04
999.061,23.44,,,999.061,-53.15
999.336,-40.28,,,999.336,-82.56
999.611,-23.13,,,999.611,42.43
999.886,25.89,,,999.886,39.98
1000.161,18.53,,,1000.161,5.67
1000.436,33.24,,,1000.436,111.05
1000.711,43.04,,,1000.711,-9.04
1000.986,-30.48,,,1000.986,-4.14
1001.261,-15.78,,,1001.261,-6.59
1001.535,-69.69,,,1001.535,0.77
1001.81,20.98,,,1001.81,44.88
1002.085,16.08,,,1002.085,13.02
1002.359,-57.44,,,1002.359,27.72
1002.633,18.53,,,1002.633,10.57
1002.908,-69.69,,,1002.908,-11.49
1003.182,-42.73,,,1003.182,-97.26
1003.456,23.44,,,1003.456,-38.45
1003.73,-91.75,,,1003.73,96.34
1004.004,-15.78,,,1004.004,32.63
1004.278,-30.48,,,1004.278,42.43
1004.552,-5.97,,,1004.552,5.67
1004.826,52.84,,,1004.826,-97.26
1005.1,-15.78,,,1005.1,-80.11
1005.374,8.73,,,1005.374,30.17
1005.648,-54.99,,,1005.648,-38.45
1005.921,-45.19,,,1005.921,-148.73
1006.195,-47.64,,,1006.195,37.53
1006.468,43.04,,,1006.468,-21.29
1006.742,33.24,,,1006.742,47.33
1007.015,-23.13,,,1007.015,-6.59
1007.288,-52.54,,,1007.288,37.53
1007.562,-42.73,,,1007.562,-40.9
1007.835,-35.38,,,1007.835,-36
1008.108,-89.3,,,1008.108,-50.7
1008.381,67.55,,,1008.381,88.99
1008.654,-5.97,,,1008.654,130.65
1008.927,62.65,,,1008.927,32.63
1009.2,-42.73,,,1009.2,-97.26
1009.472,-86.85,,,1009.472,-16.39
1009.745,62.65,,,1009.745,76.74
1010.018,47.94,,,1010.018,35.08
1010.29,11.18,,,1010.29,98.8
1010.563,18.53,,,1010.563,103.7
1010.835,6.28,,,1010.835,-82.56
1011.108,-37.83,,,1011.108,42.43
1011.38,1.38,,,1011.38,66.94
1011.652,-18.23,,,1011.652,66.94
1011.924,-32.93,,,1011.924,-21.29
1012.197,67.55,,,1012.197,0.77
1012.469,16.08,,,1012.469,30.17
1012.741,35.69,,,1012.741,8.12
1013.013,-111.36,,,1013.013,-134.02
1013.284,3.83,,,1013.284,8.12
1013.556,-30.48,,,1013.556,-70.31
1013.828,121.46,,,1013.828,115.95
1014.1,8.73,,,1014.1,-11.49
1014.371,82.25,,,1014.371,69.39
1014.643,25.89,,,1014.643,27.72
1014.914,1.38,,,1014.914,140.46
1015.186,1.38,,,1015.186,140.46
1015.457,1.38,,,1015.457,140.46
